{
  "project_info": {
    "project_number": "506941961780",
    "firebase_url": "https://to626finalprojetpart1amritr.firebaseio.com",
    "project_id": "to626finalprojetpart1amritr",
    "storage_bucket": "to626finalprojetpart1amritr.appspot.com"
  },
  "client": [
    {
      "client_info": {
        "mobilesdk_app_id": "1:506941961780:android:9b917e213a87fe6303bc61",
        "android_client_info": {
          "package_name": "com.example.finalproject_amritrathi"
        }
      },
      "oauth_client": [
        {
          "client_id": "506941961780-2kvbqol7t567io88mpi2a5v0j3inbkcb.apps.googleusercontent.com",
          "client_type": 1,
          "android_info": {
            "package_name": "com.example.finalproject_amritrathi",
            "certificate_hash": "e79fd041e00398a3e42da49e68675c3d610654f9"
          }
        },
        {
          "client_id": "506941961780-itkl8kk41aje8pusrhjcbd1md2d69c26.apps.googleusercontent.com",
          "client_type": 3
        }
      ],
      "api_key": [
        {
          "current_key": "AIzaSyDgRiO_Dl49mnOR4Eb00maD0ljWK4cl70o"
        }
      ],
      "services": {
        "appinvite_service": {
          "other_platform_oauth_client": [
            {
              "client_id": "506941961780-itkl8kk41aje8pusrhjcbd1md2d69c26.apps.googleusercontent.com",
              "client_type": 3
            }
          ]
        }
      }
    }
  ],
  "configuration_version": "1"
}